{
    "tileParam":[
        {
            "dir":"hainan",
            "extent":[108.482005,17.95921,111.177209,20.241499],
            "minZoom":6,
            "maxZoom":14
        },
        {
            "dir":"haijiao",
            "extent":[109.461661,18.178494,109.524327,18.238938],
            "minZoom":11,
            "maxZoom":18
        }
    ]
}
